{"scores": {"can": 0.99609375, "noise": 0.0, "plastic": 0.0}, "top_label": "can", "top_score": 0.99609375, "type_id": 2, "type_name": "CAN", "ts": 1756823994.291445}